{
	"name": "dice-so-nice",
	"title": "Dice So Nice! Psyny's Edition",
	"description": "Adds the ability to show a nice 3D dice simulation when a roll is made.",
  "version": "1.2.1",
	"base-version": "3.3.1",
	"minimumCoreVersion" : "0.7.2",
	"compatibleCoreVersion" : "0.7.9",
	"author": "Simone, JDW",
	"authors": [
		{
			"name": "Simone",
			"discord": "Simone [UTC +2]#6710"
		},
		{
			"name": "JDW",
			"discord": "JDW#6422",
			"reddit":"u/jidewe"
		}
	],
	"esmodules": [
		"./main.js"
	],
	"scripts": [
		"./libs/cannon.min.js"
	],
	"socket": true,
	"styles": [
		"./style.css"
	],
	"languages": [{
		"lang": "en",
		"name": "English",
		"path": "./lang/en.json"
	}, {
		"lang": "it",
		"name": "Italian",
		"path": "./lang/it.json"
	}, {
		"lang": "es",
		"name": "Español",
		"path": "./lang/es.json"
	},
	{
		"lang" : "ca",
		"name" : "Català",
		"path" : "./lang/ca.json"
	},
	{
		"lang": "cn",
		"name": "Chinese",
		"path": "./lang/cn.json"
	}, {
		"lang": "ko",
		"name": "Korean",
		"path": "./lang/ko.json"
	}, {
		"lang": "pt-BR",
		"name": "Português (Brasil)",
		"path": "./lang/pt-BR.json"
	}, {
		"lang": "fr",
		"name": "Français",
		"path": "./lang/fr.json"
	}, {
		"lang": "ja",
		"name": "日本語",
		"path": "./lang/ja.json"
	}],
  "url": "https://github.com/psyny/FoundryVTT/tree/master/DiceSoNiceLimited/dice-so-nice",
	"manifest": "https://raw.githubusercontent.com/psyny/FoundryVTT/master/DiceSoNiceLimited/dice-so-nice/module.json",
	"download": "https://github.com/psyny/FoundryVTT/raw/master/DiceSoNiceLimited/dice-so-nice.zip"
}