{
	"name": "light-master",
	"title": "Light Master",
	"description": "Controls scene light.",
	"author": "Psyny",
	"version": "1.0.0",
	"minimumCoreVersion": "0.5.0",

	"scripts": [
	  "scripts/main.js"
	],
  
  "url": "https://github.com/psyny/FoundryVTT/tree/master/LightMaster/light-master",
	"manifest": "https://raw.githubusercontent.com/psyny/FoundryVTT/master/LightMaster/light-master/module.json",
	"download": "https://github.com/psyny/FoundryVTT/raw/master/LightMaster/light-master.zip"
}

