{
    "name": "psyny-shortcuts",
    "title": "Psyny's Shortcuts",
    "description": "Add some shortcuts to core game. Like sheet minimization on roll and tokens being selectable by clicking on its name on a chat message.",
    "version": "0.9.0",
    "library": "false",
    "minimumCoreVersion": "0.7.9",
    "compatibleCoreVersion": "0.7.9",
    "type": "module",
    "authors": [
        {
            "name": "Psyny",
            "url": "https://github.com/psyny",
            "email": "psyny@hotmail.com"
        }
    ],
    "dependencies": [],
    "conflicts": [],
    "esmodules": [
        "./scripts/main.js"
    ],
    "styles": [
        "./styles.css"
    ],
    "languages": [
        {
            "lang": "en",
            "name": "English",
            "path": "lang/en.json"
        }
    ],
    "license": "./LICENSE",
    "url": "https://github.com/psyny/FoundryVTT/tree/master/PsynyShortcuts",
    "manifest": "https://raw.githubusercontent.com/psyny/FoundryVTT/master/PsynyShortcuts/psyny-shortcuts/module.json",
    "download": "https://github.com/psyny/FoundryVTT/raw/master/PsynyShortcuts/psyny-shortcuts.zip"
}