{
	"name": "arms-reach",
	"title": "Arms Reach",
	"description": "Allows the GM to limit the distance that a player can interate with a door. And adds a shortkey to interact with rearest door.",
	"author": "Psyny",
	"version": "1.1.1",
	"minimumCoreVersion": "0.6.0",
  
	"scripts": [
    "./scripts/settings.js",
    "./scripts/main.js"
	],
  
  "url": "https://github.com/psyny/FoundryVTT/tree/master/ArmsReach/arms-reach",
	"manifest": "https://raw.githubusercontent.com/psyny/FoundryVTT/master/ArmsReach/arms-reach/module.json",
	"download": "https://github.com/psyny/FoundryVTT/raw/master/ArmsReach/arms-reach.zip"
}

